company_name,healthcare_type,dhaka_location,website,phone,generic_email,decision_maker_name,decision_maker_title,decision_maker_email,confidence,email_subject,personalized_hook,personalized_email,timestamp
Labaid Diagnostic Center,Diagnostic Center & Hospital,"Dhanmondi, Gulshan, Uttara",https://labaid.com.bd,N/A,info@labaid.com.bd,Dr. A. M. Shamim,Managing Director,md@labaid.com.bd,High,Exploring Partnership Opportunities with Labaid Diagnostic Center,Leveraging Labaid's leadership in diagnostics to enhance innovations in cardiac and imaging services.,"Dear Dr. Shamim,

I hope this message finds you well. As Labaid Diagnostic Center continues to lead in diagnostic services, we would love to explore potential partnership opportunities that can drive further innovation in cardiac care and imaging solutions.

We believe our expertise can complement your offerings and enhance patient outcomes.

Looking forward to discussing this further.

Best regards,
[Your Name]
[Your Company]",2026-09-21 23:29:45
Popular Diagnostic Centre Ltd,Diagnostic & Medical Center,Dhanmondi,https://populardiagnostic.com,+880-2-1234567,info@populardiagnostic.com,Dr. Mustafizur Rahman,Managing Director,mustafizur@populardiagnostic.com,High,Transform Your Diagnostic Operations with Innovative Solutions,Supporting Popular Diagnostic Centre to optimize operations for better patient outcomes in a competitive market.,"Dear Dr. Rahman,

I hope this message finds you well. At [Your Company Name], we specialize in providing state-of-the-art solutions tailored for healthcare providers like Popular Diagnostic Centre. Our innovative strategies can streamline your operations and enhance patient care efficiency.

I would love to discuss how we can support your growth in Dhaka's competitive healthcare landscape.

Best regards,
[Your Name]
[Your Position]
[Your Company]
[Your Contact Information]",2026-09-21 23:29:50
Ibn Sina Diagnostic & Imaging Center,Diagnostic & Specialized Hospital,Dhaka,https://ibnsinatrust.com,+880 9611-400-200,info@ibnsinatrust.com,Professor Dr. A. K. M. Sadrul Islam,Managing Director,sadrulislam@ibnsinatrust.com,High,Collaboration Opportunity in Diagnostic Solutions,Enhancing patient diagnostics and operational efficiency through innovative solutions tailored for Ibn Sina Trust.,"Dear Professor Dr. A. K. M. Sadrul Islam,

I hope this message finds you well. At [Your Company Name], we specialize in innovative diagnostic solutions that can complement Ibn Sina Diagnostic & Imaging Center's esteemed services. We believe our partnership can significantly enhance patient care and operational efficiency.
Let’s explore the potential for collaboration.

Best regards,
[Your Name]
[Your Company Name]
[Your Contact Information]",2026-09-21 23:29:54
Prescription Point Diagnostic & Consultation,Diagnostic & Consultation Center,Banani,https://ppointbd.com,N/A,info@ppointbd.com,Dr. Md. Abdul Majid,Chairman & Managing Director,md.abdulmajid@ppointbd.com,Medium,Collaboration Opportunity in Advanced Diagnostic Solutions,Leveraging advanced technologies to enhance diagnostic services in Banani.,"Dear Dr. Majid,

I hope this message finds you well. At [Your Company Name], we specialize in innovative healthcare solutions that can enhance the diagnostic capabilities of facilities like Prescription Point. We believe that our advanced technologies could integrate seamlessly with your services, particularly in pathology and cardiology. I would love the opportunity to discuss how we might collaborate to improve patient outcomes in Banani.

Looking forward to connecting soon.

Best regards,
[Your Name]
[Your Company Name]
[Your Contact Information]",2026-09-21 23:29:58
Square Hospitals Ltd,Tertiary Care Hospital,Panthapath,https://squarehospital.com,+880 2 984 2000,info@squarehospital.com,Mr. Md. Esam Ebne Yousuf Siddique,Chief Executive Officer,esam.yousuf@squarehospital.com,High,Enhancing Healthcare Services at Square Hospitals Ltd,Leveraging cutting-edge solutions to improve operational efficiency and patient satisfaction in Dhaka's healthcare landscape.,"Dear Mr. Siddique,  
I hope this message finds you well. I’m reaching out to explore potential collaborations that could enhance the healthcare services at Square Hospitals. Our innovative solutions are designed to streamline operations and improve patient care, directly impacting efficiency and satisfaction. I would love to discuss how we can work together for a healthier Dhaka.  
Best regards,  
[Your Name]  
[Your Company]  
[Your Contact Information]",2026-09-21 23:30:03
